{
  "Teacher (zero-shot)": [
    0.012370630472178403,
    0.21792963686074754,
    0.04033721793616811
  ],
  "Teacher (fine-tuned)": [
    0.3269871659333348,
    0.5073668871003547,
    0.8786055014739396
  ],
  "No-KD (baseline)": [
    0.32665782591233944,
    0.5059644511364223,
    1.0494279723639575
  ],
  "Seq-KD (Student)": [
    0.337940583352003,
    0.515584570273719,
    0.973163974480301
  ],
  "Word-KD (Student)": [
    0.3450366677156607,
    0.5262060541990465,
    1.0180115585000646
  ],
  "FitNets (Student)": [
    0.3299306789134616,
    0.5315227979844861,
    1.23834938956317
  ],
  "Attention Transfer (Student)": [
    0.34120314014990294,
    0.5231190632175897,
    1.1724642290548366
  ],
  "Combined Response+Feature (Student)": [
    0.344872934692733,
    0.5343712538459499,
    1.2435392996724832
  ]
}